-- 
-- TABLE: Banco 
--

CREATE TABLE Banco(
    idBanco    NUMBER(38, 0)    NOT NULL,
    nombre     VARCHAR2(50)     NOT NULL,
    CONSTRAINT PK1 PRIMARY KEY (idBanco)
);



-- 
-- TABLE: Cliente 
--

CREATE TABLE Cliente(
    idCliente    NUMBER(38, 0)    NOT NULL,
    nombre       VARCHAR2(50)     NOT NULL,
    apaterno     VARCHAR2(30)     NOT NULL,
    amaterno     VARCHAR2(50)     NOT NULL,
    edad         NUMBER(38, 0)    NOT NULL,
    idBanco      NUMBER(38, 0)    NOT NULL,
    CONSTRAINT PK2 PRIMARY KEY (idCliente)
)
;



-- 
-- TABLE: Cuenta 
--

CREATE TABLE Cuenta(
    idCuenta        NUMBER(38, 0)    NOT NULL,
    numeroCuenta    NUMBER(38, 0)    NOT NULL,
    idTipoCuenta    NUMBER(38, 0)    NOT NULL,
    idCliente       NUMBER(38, 0)    NOT NULL,
    CONSTRAINT PK3 PRIMARY KEY (idCuenta)
)
;



-- 
-- TABLE: Movimiento 
--

CREATE TABLE Movimiento(
    idMovimiento        NUMBER(38, 0)    NOT NULL,
    fecha               TIMESTAMP(6)     NOT NULL,
    monto               NUMBER(9, 2)     NOT NULL,
    idCuenta            NUMBER(38, 0)    NOT NULL,
    idTipoMovimiento    NUMBER(38, 0)    NOT NULL,
    CONSTRAINT PK5 PRIMARY KEY (idMovimiento)
)
;



-- 
-- TABLE: TipoCuenta 
--

CREATE TABLE TipoCuenta(
    idTipoCuenta    NUMBER(38, 0)    NOT NULL,
    nombre          VARCHAR2(20)     NOT NULL,
    CONSTRAINT PK4 PRIMARY KEY (idTipoCuenta)
)
;



-- 
-- TABLE: TipoMovimiento 
--

CREATE TABLE TipoMovimiento(
    idTipoMovimiento    NUMBER(38, 0)    NOT NULL,
    nombre              VARCHAR2(30)     NOT NULL,
    CONSTRAINT PK6 PRIMARY KEY (idTipoMovimiento)
)
;



-- 
-- TABLE: Cliente 
--

ALTER TABLE Cliente ADD CONSTRAINT RefBanco2 
    FOREIGN KEY (idBanco)
    REFERENCES Banco(idBanco)
;


-- 
-- TABLE: Cuenta 
--

ALTER TABLE Cuenta ADD CONSTRAINT RefTipoCuenta3 
    FOREIGN KEY (idTipoCuenta)
    REFERENCES TipoCuenta(idTipoCuenta)
;

ALTER TABLE Cuenta ADD CONSTRAINT RefCliente4 
    FOREIGN KEY (idCliente)
    REFERENCES Cliente(idCliente)
;


-- 
-- TABLE: Movimiento 
--

ALTER TABLE Movimiento ADD CONSTRAINT RefCuenta7 
    FOREIGN KEY (idCuenta)
    REFERENCES Cuenta(idCuenta)
;

ALTER TABLE Movimiento ADD CONSTRAINT RefTipoMovimiento10 
    FOREIGN KEY (idTipoMovimiento)
    REFERENCES TipoMovimiento(idTipoMovimiento)
;

-- Tipos de cuenta
insert into tipocuenta values (1,'débito');
insert into tipocuenta values (2,'crédito');
insert into tipocuenta values (3,'ahorro');
insert into tipocuenta values (4,'inversión');
insert into tipocuenta values (5,'nómina');

-- Tipos de movimiento
insert into tipomovimiento  values (1,'Deposito en efectivo');
insert into tipomovimiento  values (2,'Transferencia electrónica');
insert into tipomovimiento  values (3,'Retiro de efectivo');
insert into tipomovimiento  values (4,'Compra de tiempo aire');

--Todos los datos son ficticios.
-- Bancos de ejemplo
insert into banco  values (1,'Banco Patito');
insert into banco  values (2,'Bancote');
insert into banco  values (3,'Banquito');
insert into banco  values (4,'Banco de la esquina');
insert into banco  values (5,'Banco del centro');

-- Cliente de ejemplo
insert into cliente values (1, 'Gerardo', 'Guerrero', 'Guerrero', 32, 1);
insert into cliente values (2, 'Juan', 'Sánchez', 'Gómez', 44, 1);
insert into cliente values (3, 'Valentin', 'Sarabia', 'Bautista', 21, 2);
insert into cliente values (4, 'María', 'Bustamante', 'Juárez', 65, 3);
insert into cliente values (5, 'Guadalupe', 'Pérez', 'González', 32, 3);
insert into cliente values (6, 'Raúl', 'Vázquez', 'Gutierrez', 38, 3);
insert into cliente values (7, 'Gonzalo', 'Velazquez', 'Méndez', 32, 4);
insert into cliente values (8, 'José', 'García', 'García', 32, 5);

-- Cuentas de ejemplo
insert into cuenta values(1,1111,1,1);
insert into cuenta values(2,2222,2,2);
insert into cuenta values(3,3333,3,3);
insert into cuenta values(4,4444,4,4);
insert into cuenta values(5,5555,5,5);
insert into cuenta values(6,6666,1,6);
insert into cuenta values(7,7777,2,7);
insert into cuenta values(8,8888,3,8);

-- Movimientos
INSERT INTO `MOVIMIENTO` (`IDMOVIMIENTO`,`FECHA`,`MONTO`,`IDCUENTA`,`IDTIPOMOVIMIENTO`) VALUES ('1','2011-11-12','8547','5','4');
INSERT INTO `MOVIMIENTO` (`IDMOVIMIENTO`,`FECHA`,`MONTO`,`IDCUENTA`,`IDTIPOMOVIMIENTO`) VALUES ('2','2011-07-12','9388','6','2');
INSERT INTO `MOVIMIENTO` (`IDMOVIMIENTO`,`FECHA`,`MONTO`,`IDCUENTA`,`IDTIPOMOVIMIENTO`) VALUES ('3','2011-03-31','5250','5','2');
INSERT INTO `MOVIMIENTO` (`IDMOVIMIENTO`,`FECHA`,`MONTO`,`IDCUENTA`,`IDTIPOMOVIMIENTO`) VALUES ('4','2012-04-12','8263','5','2');
INSERT INTO `MOVIMIENTO` (`IDMOVIMIENTO`,`FECHA`,`MONTO`,`IDCUENTA`,`IDTIPOMOVIMIENTO`) VALUES ('5','2011-08-31','5664','5','1');
INSERT INTO `MOVIMIENTO` (`IDMOVIMIENTO`,`FECHA`,`MONTO`,`IDCUENTA`,`IDTIPOMOVIMIENTO`) VALUES ('6','2011-09-29','9404','1','1');
INSERT INTO `MOVIMIENTO` (`IDMOVIMIENTO`,`FECHA`,`MONTO`,`IDCUENTA`,`IDTIPOMOVIMIENTO`) VALUES ('7','2010-08-16','3262','8','4');
INSERT INTO `MOVIMIENTO` (`IDMOVIMIENTO`,`FECHA`,`MONTO`,`IDCUENTA`,`IDTIPOMOVIMIENTO`) VALUES ('8','2010-05-06','7349','5','4');
INSERT INTO `MOVIMIENTO` (`IDMOVIMIENTO`,`FECHA`,`MONTO`,`IDCUENTA`,`IDTIPOMOVIMIENTO`) VALUES ('9','2009-12-12','707','1','4');
INSERT INTO `MOVIMIENTO` (`IDMOVIMIENTO`,`FECHA`,`MONTO`,`IDCUENTA`,`IDTIPOMOVIMIENTO`) VALUES ('10','2010-10-01','8398','6','2');
INSERT INTO `MOVIMIENTO` (`IDMOVIMIENTO`,`FECHA`,`MONTO`,`IDCUENTA`,`IDTIPOMOVIMIENTO`) VALUES ('11','2011-10-06','8135','5','4');
INSERT INTO `MOVIMIENTO` (`IDMOVIMIENTO`,`FECHA`,`MONTO`,`IDCUENTA`,`IDTIPOMOVIMIENTO`) VALUES ('12','2012-01-23','7243','5','3');
INSERT INTO `MOVIMIENTO` (`IDMOVIMIENTO`,`FECHA`,`MONTO`,`IDCUENTA`,`IDTIPOMOVIMIENTO`) VALUES ('13','2012-07-17','1259','1','1');
INSERT INTO `MOVIMIENTO` (`IDMOVIMIENTO`,`FECHA`,`MONTO`,`IDCUENTA`,`IDTIPOMOVIMIENTO`) VALUES ('14','2011-05-13','3957','7','3');
INSERT INTO `MOVIMIENTO` (`IDMOVIMIENTO`,`FECHA`,`MONTO`,`IDCUENTA`,`IDTIPOMOVIMIENTO`) VALUES ('15','2012-05-16','8608','4','1');
INSERT INTO `MOVIMIENTO` (`IDMOVIMIENTO`,`FECHA`,`MONTO`,`IDCUENTA`,`IDTIPOMOVIMIENTO`) VALUES ('16','2012-02-26','114','3','2');
INSERT INTO `MOVIMIENTO` (`IDMOVIMIENTO`,`FECHA`,`MONTO`,`IDCUENTA`,`IDTIPOMOVIMIENTO`) VALUES ('17','2011-01-07','418','6','2');
INSERT INTO `MOVIMIENTO` (`IDMOVIMIENTO`,`FECHA`,`MONTO`,`IDCUENTA`,`IDTIPOMOVIMIENTO`) VALUES ('18','2011-08-21','9135','4','4');
INSERT INTO `MOVIMIENTO` (`IDMOVIMIENTO`,`FECHA`,`MONTO`,`IDCUENTA`,`IDTIPOMOVIMIENTO`) VALUES ('19','2010-08-30','8732','4','4');
INSERT INTO `MOVIMIENTO` (`IDMOVIMIENTO`,`FECHA`,`MONTO`,`IDCUENTA`,`IDTIPOMOVIMIENTO`) VALUES ('20','2010-09-05','7611','3','3');
INSERT INTO `MOVIMIENTO` (`IDMOVIMIENTO`,`FECHA`,`MONTO`,`IDCUENTA`,`IDTIPOMOVIMIENTO`) VALUES ('21','2010-06-24','1156','2','1');
INSERT INTO `MOVIMIENTO` (`IDMOVIMIENTO`,`FECHA`,`MONTO`,`IDCUENTA`,`IDTIPOMOVIMIENTO`) VALUES ('22','2011-09-05','124','7','3');
INSERT INTO `MOVIMIENTO` (`IDMOVIMIENTO`,`FECHA`,`MONTO`,`IDCUENTA`,`IDTIPOMOVIMIENTO`) VALUES ('23','2010-04-27','6282','8','3');
INSERT INTO `MOVIMIENTO` (`IDMOVIMIENTO`,`FECHA`,`MONTO`,`IDCUENTA`,`IDTIPOMOVIMIENTO`) VALUES ('24','2011-02-21','8141','3','3');
INSERT INTO `MOVIMIENTO` (`IDMOVIMIENTO`,`FECHA`,`MONTO`,`IDCUENTA`,`IDTIPOMOVIMIENTO`) VALUES ('25','2010-07-12','5262','2','4');
INSERT INTO `MOVIMIENTO` (`IDMOVIMIENTO`,`FECHA`,`MONTO`,`IDCUENTA`,`IDTIPOMOVIMIENTO`) VALUES ('26','2012-04-02','7550','2','2');
INSERT INTO `MOVIMIENTO` (`IDMOVIMIENTO`,`FECHA`,`MONTO`,`IDCUENTA`,`IDTIPOMOVIMIENTO`) VALUES ('27','2011-03-08','810','3','1');
INSERT INTO `MOVIMIENTO` (`IDMOVIMIENTO`,`FECHA`,`MONTO`,`IDCUENTA`,`IDTIPOMOVIMIENTO`) VALUES ('28','2011-02-16','3372','2','2');
INSERT INTO `MOVIMIENTO` (`IDMOVIMIENTO`,`FECHA`,`MONTO`,`IDCUENTA`,`IDTIPOMOVIMIENTO`) VALUES ('29','2011-05-30','1281','1','4');
INSERT INTO `MOVIMIENTO` (`IDMOVIMIENTO`,`FECHA`,`MONTO`,`IDCUENTA`,`IDTIPOMOVIMIENTO`) VALUES ('30','2010-04-04','9187','7','2');
INSERT INTO `MOVIMIENTO` (`IDMOVIMIENTO`,`FECHA`,`MONTO`,`IDCUENTA`,`IDTIPOMOVIMIENTO`) VALUES ('31','2012-03-14','4565','8','2');
INSERT INTO `MOVIMIENTO` (`IDMOVIMIENTO`,`FECHA`,`MONTO`,`IDCUENTA`,`IDTIPOMOVIMIENTO`) VALUES ('32','2010-06-03','5763','8','2');
INSERT INTO `MOVIMIENTO` (`IDMOVIMIENTO`,`FECHA`,`MONTO`,`IDCUENTA`,`IDTIPOMOVIMIENTO`) VALUES ('33','2011-01-07','2268','5','2');
INSERT INTO `MOVIMIENTO` (`IDMOVIMIENTO`,`FECHA`,`MONTO`,`IDCUENTA`,`IDTIPOMOVIMIENTO`) VALUES ('34','2012-03-15','9132','3','3');
INSERT INTO `MOVIMIENTO` (`IDMOVIMIENTO`,`FECHA`,`MONTO`,`IDCUENTA`,`IDTIPOMOVIMIENTO`) VALUES ('35','2012-12-04','4817','7','4');
INSERT INTO `MOVIMIENTO` (`IDMOVIMIENTO`,`FECHA`,`MONTO`,`IDCUENTA`,`IDTIPOMOVIMIENTO`) VALUES ('36','2011-01-28','4790','5','1');
INSERT INTO `MOVIMIENTO` (`IDMOVIMIENTO`,`FECHA`,`MONTO`,`IDCUENTA`,`IDTIPOMOVIMIENTO`) VALUES ('37','2010-03-18','8454','6','2');
INSERT INTO `MOVIMIENTO` (`IDMOVIMIENTO`,`FECHA`,`MONTO`,`IDCUENTA`,`IDTIPOMOVIMIENTO`) VALUES ('38','2010-04-28','9073','1','3');
INSERT INTO `MOVIMIENTO` (`IDMOVIMIENTO`,`FECHA`,`MONTO`,`IDCUENTA`,`IDTIPOMOVIMIENTO`) VALUES ('39','2010-04-04','3995','2','3');
INSERT INTO `MOVIMIENTO` (`IDMOVIMIENTO`,`FECHA`,`MONTO`,`IDCUENTA`,`IDTIPOMOVIMIENTO`) VALUES ('40','2010-01-26','3729','1','2');
INSERT INTO `MOVIMIENTO` (`IDMOVIMIENTO`,`FECHA`,`MONTO`,`IDCUENTA`,`IDTIPOMOVIMIENTO`) VALUES ('41','2010-12-11','6673','5','2');
INSERT INTO `MOVIMIENTO` (`IDMOVIMIENTO`,`FECHA`,`MONTO`,`IDCUENTA`,`IDTIPOMOVIMIENTO`) VALUES ('42','2011-02-13','1063','1','1');
INSERT INTO `MOVIMIENTO` (`IDMOVIMIENTO`,`FECHA`,`MONTO`,`IDCUENTA`,`IDTIPOMOVIMIENTO`) VALUES ('43','2011-11-18','3942','3','3');
INSERT INTO `MOVIMIENTO` (`IDMOVIMIENTO`,`FECHA`,`MONTO`,`IDCUENTA`,`IDTIPOMOVIMIENTO`) VALUES ('44','2010-06-20','6569','2','1');
INSERT INTO `MOVIMIENTO` (`IDMOVIMIENTO`,`FECHA`,`MONTO`,`IDCUENTA`,`IDTIPOMOVIMIENTO`) VALUES ('45','2011-08-23','2903','6','4');
INSERT INTO `MOVIMIENTO` (`IDMOVIMIENTO`,`FECHA`,`MONTO`,`IDCUENTA`,`IDTIPOMOVIMIENTO`) VALUES ('46','2009-11-07','1451','2','3');
INSERT INTO `MOVIMIENTO` (`IDMOVIMIENTO`,`FECHA`,`MONTO`,`IDCUENTA`,`IDTIPOMOVIMIENTO`) VALUES ('47','2012-10-19','2229','1','1');
INSERT INTO `MOVIMIENTO` (`IDMOVIMIENTO`,`FECHA`,`MONTO`,`IDCUENTA`,`IDTIPOMOVIMIENTO`) VALUES ('48','2009-12-06','5555','8','2');
INSERT INTO `MOVIMIENTO` (`IDMOVIMIENTO`,`FECHA`,`MONTO`,`IDCUENTA`,`IDTIPOMOVIMIENTO`) VALUES ('49','2012-11-26','664','3','2');
INSERT INTO `MOVIMIENTO` (`IDMOVIMIENTO`,`FECHA`,`MONTO`,`IDCUENTA`,`IDTIPOMOVIMIENTO`) VALUES ('50','2012-05-04','6089','6','2');
INSERT INTO `MOVIMIENTO` (`IDMOVIMIENTO`,`FECHA`,`MONTO`,`IDCUENTA`,`IDTIPOMOVIMIENTO`) VALUES ('51','2012-07-19','9542','3','4');
INSERT INTO `MOVIMIENTO` (`IDMOVIMIENTO`,`FECHA`,`MONTO`,`IDCUENTA`,`IDTIPOMOVIMIENTO`) VALUES ('52','2009-12-26','2179','4','1');
INSERT INTO `MOVIMIENTO` (`IDMOVIMIENTO`,`FECHA`,`MONTO`,`IDCUENTA`,`IDTIPOMOVIMIENTO`) VALUES ('53','2011-04-02','3824','7','2');
INSERT INTO `MOVIMIENTO` (`IDMOVIMIENTO`,`FECHA`,`MONTO`,`IDCUENTA`,`IDTIPOMOVIMIENTO`) VALUES ('54','2011-08-02','861','4','3');
INSERT INTO `MOVIMIENTO` (`IDMOVIMIENTO`,`FECHA`,`MONTO`,`IDCUENTA`,`IDTIPOMOVIMIENTO`) VALUES ('55','2011-10-23','1330','7','2');
INSERT INTO `MOVIMIENTO` (`IDMOVIMIENTO`,`FECHA`,`MONTO`,`IDCUENTA`,`IDTIPOMOVIMIENTO`) VALUES ('56','2011-02-12','494','8','2');
INSERT INTO `MOVIMIENTO` (`IDMOVIMIENTO`,`FECHA`,`MONTO`,`IDCUENTA`,`IDTIPOMOVIMIENTO`) VALUES ('57','2010-12-08','5804','1','2');
INSERT INTO `MOVIMIENTO` (`IDMOVIMIENTO`,`FECHA`,`MONTO`,`IDCUENTA`,`IDTIPOMOVIMIENTO`) VALUES ('58','2012-08-12','8071','6','2');
INSERT INTO `MOVIMIENTO` (`IDMOVIMIENTO`,`FECHA`,`MONTO`,`IDCUENTA`,`IDTIPOMOVIMIENTO`) VALUES ('59','2012-04-01','667','6','3');
INSERT INTO `MOVIMIENTO` (`IDMOVIMIENTO`,`FECHA`,`MONTO`,`IDCUENTA`,`IDTIPOMOVIMIENTO`) VALUES ('60','2010-02-24','4573','3','2');
INSERT INTO `MOVIMIENTO` (`IDMOVIMIENTO`,`FECHA`,`MONTO`,`IDCUENTA`,`IDTIPOMOVIMIENTO`) VALUES ('61','2010-10-06','9077','3','3');
INSERT INTO `MOVIMIENTO` (`IDMOVIMIENTO`,`FECHA`,`MONTO`,`IDCUENTA`,`IDTIPOMOVIMIENTO`) VALUES ('62','2011-08-13','8745','4','1');
INSERT INTO `MOVIMIENTO` (`IDMOVIMIENTO`,`FECHA`,`MONTO`,`IDCUENTA`,`IDTIPOMOVIMIENTO`) VALUES ('63','2010-01-08','9239','7','4');
INSERT INTO `MOVIMIENTO` (`IDMOVIMIENTO`,`FECHA`,`MONTO`,`IDCUENTA`,`IDTIPOMOVIMIENTO`) VALUES ('64','2011-06-30','2829','8','2');
INSERT INTO `MOVIMIENTO` (`IDMOVIMIENTO`,`FECHA`,`MONTO`,`IDCUENTA`,`IDTIPOMOVIMIENTO`) VALUES ('65','2011-10-06','8446','1','1');
INSERT INTO `MOVIMIENTO` (`IDMOVIMIENTO`,`FECHA`,`MONTO`,`IDCUENTA`,`IDTIPOMOVIMIENTO`) VALUES ('66','2010-10-25','1108','1','1');
INSERT INTO `MOVIMIENTO` (`IDMOVIMIENTO`,`FECHA`,`MONTO`,`IDCUENTA`,`IDTIPOMOVIMIENTO`) VALUES ('67','2009-11-23','5305','6','1');
INSERT INTO `MOVIMIENTO` (`IDMOVIMIENTO`,`FECHA`,`MONTO`,`IDCUENTA`,`IDTIPOMOVIMIENTO`) VALUES ('68','2011-06-03','9593','4','4');
INSERT INTO `MOVIMIENTO` (`IDMOVIMIENTO`,`FECHA`,`MONTO`,`IDCUENTA`,`IDTIPOMOVIMIENTO`) VALUES ('69','2011-06-15','3144','5','3');
INSERT INTO `MOVIMIENTO` (`IDMOVIMIENTO`,`FECHA`,`MONTO`,`IDCUENTA`,`IDTIPOMOVIMIENTO`) VALUES ('70','2010-01-28','9653','8','4');
INSERT INTO `MOVIMIENTO` (`IDMOVIMIENTO`,`FECHA`,`MONTO`,`IDCUENTA`,`IDTIPOMOVIMIENTO`) VALUES ('71','2011-01-25','3050','8','1');
INSERT INTO `MOVIMIENTO` (`IDMOVIMIENTO`,`FECHA`,`MONTO`,`IDCUENTA`,`IDTIPOMOVIMIENTO`) VALUES ('72','2010-08-18','9708','7','3');
INSERT INTO `MOVIMIENTO` (`IDMOVIMIENTO`,`FECHA`,`MONTO`,`IDCUENTA`,`IDTIPOMOVIMIENTO`) VALUES ('73','2009-12-03','889','6','3');
INSERT INTO `MOVIMIENTO` (`IDMOVIMIENTO`,`FECHA`,`MONTO`,`IDCUENTA`,`IDTIPOMOVIMIENTO`) VALUES ('74','2012-04-10','237','8','2');
INSERT INTO `MOVIMIENTO` (`IDMOVIMIENTO`,`FECHA`,`MONTO`,`IDCUENTA`,`IDTIPOMOVIMIENTO`) VALUES ('75','2012-12-18','4321','7','3');
INSERT INTO `MOVIMIENTO` (`IDMOVIMIENTO`,`FECHA`,`MONTO`,`IDCUENTA`,`IDTIPOMOVIMIENTO`) VALUES ('76','2011-02-05','6043','8','3');
INSERT INTO `MOVIMIENTO` (`IDMOVIMIENTO`,`FECHA`,`MONTO`,`IDCUENTA`,`IDTIPOMOVIMIENTO`) VALUES ('77','2012-04-13','6757','4','2');
INSERT INTO `MOVIMIENTO` (`IDMOVIMIENTO`,`FECHA`,`MONTO`,`IDCUENTA`,`IDTIPOMOVIMIENTO`) VALUES ('78','2011-01-19','8591','4','4');
INSERT INTO `MOVIMIENTO` (`IDMOVIMIENTO`,`FECHA`,`MONTO`,`IDCUENTA`,`IDTIPOMOVIMIENTO`) VALUES ('79','2010-07-07','7100','6','2');
INSERT INTO `MOVIMIENTO` (`IDMOVIMIENTO`,`FECHA`,`MONTO`,`IDCUENTA`,`IDTIPOMOVIMIENTO`) VALUES ('80','2011-10-09','2849','6','2');
INSERT INTO `MOVIMIENTO` (`IDMOVIMIENTO`,`FECHA`,`MONTO`,`IDCUENTA`,`IDTIPOMOVIMIENTO`) VALUES ('81','2011-05-31','1828','8','2');
INSERT INTO `MOVIMIENTO` (`IDMOVIMIENTO`,`FECHA`,`MONTO`,`IDCUENTA`,`IDTIPOMOVIMIENTO`) VALUES ('82','2010-04-01','3579','8','1');
INSERT INTO `MOVIMIENTO` (`IDMOVIMIENTO`,`FECHA`,`MONTO`,`IDCUENTA`,`IDTIPOMOVIMIENTO`) VALUES ('83','2010-01-13','282','1','4');
INSERT INTO `MOVIMIENTO` (`IDMOVIMIENTO`,`FECHA`,`MONTO`,`IDCUENTA`,`IDTIPOMOVIMIENTO`) VALUES ('84','2011-10-09','5561','1','3');
INSERT INTO `MOVIMIENTO` (`IDMOVIMIENTO`,`FECHA`,`MONTO`,`IDCUENTA`,`IDTIPOMOVIMIENTO`) VALUES ('85','2012-10-15','378','4','3');
INSERT INTO `MOVIMIENTO` (`IDMOVIMIENTO`,`FECHA`,`MONTO`,`IDCUENTA`,`IDTIPOMOVIMIENTO`) VALUES ('86','2009-12-11','5763','1','2');
INSERT INTO `MOVIMIENTO` (`IDMOVIMIENTO`,`FECHA`,`MONTO`,`IDCUENTA`,`IDTIPOMOVIMIENTO`) VALUES ('87','2011-12-23','2311','6','4');
INSERT INTO `MOVIMIENTO` (`IDMOVIMIENTO`,`FECHA`,`MONTO`,`IDCUENTA`,`IDTIPOMOVIMIENTO`) VALUES ('88','2012-05-26','5627','5','2');
INSERT INTO `MOVIMIENTO` (`IDMOVIMIENTO`,`FECHA`,`MONTO`,`IDCUENTA`,`IDTIPOMOVIMIENTO`) VALUES ('89','2010-04-19','3882','3','1');
INSERT INTO `MOVIMIENTO` (`IDMOVIMIENTO`,`FECHA`,`MONTO`,`IDCUENTA`,`IDTIPOMOVIMIENTO`) VALUES ('90','2012-01-20','7544','5','3');
INSERT INTO `MOVIMIENTO` (`IDMOVIMIENTO`,`FECHA`,`MONTO`,`IDCUENTA`,`IDTIPOMOVIMIENTO`) VALUES ('91','2011-08-31','1288','7','3');
INSERT INTO `MOVIMIENTO` (`IDMOVIMIENTO`,`FECHA`,`MONTO`,`IDCUENTA`,`IDTIPOMOVIMIENTO`) VALUES ('92','2010-12-03','3991','1','3');
INSERT INTO `MOVIMIENTO` (`IDMOVIMIENTO`,`FECHA`,`MONTO`,`IDCUENTA`,`IDTIPOMOVIMIENTO`) VALUES ('93','2011-05-23','4499','2','3');
INSERT INTO `MOVIMIENTO` (`IDMOVIMIENTO`,`FECHA`,`MONTO`,`IDCUENTA`,`IDTIPOMOVIMIENTO`) VALUES ('94','2011-06-06','2051','6','3');
INSERT INTO `MOVIMIENTO` (`IDMOVIMIENTO`,`FECHA`,`MONTO`,`IDCUENTA`,`IDTIPOMOVIMIENTO`) VALUES ('95','2009-12-07','9277','6','1');
INSERT INTO `MOVIMIENTO` (`IDMOVIMIENTO`,`FECHA`,`MONTO`,`IDCUENTA`,`IDTIPOMOVIMIENTO`) VALUES ('96','2012-10-01','4823','3','2');
INSERT INTO `MOVIMIENTO` (`IDMOVIMIENTO`,`FECHA`,`MONTO`,`IDCUENTA`,`IDTIPOMOVIMIENTO`) VALUES ('97','2011-10-21','9498','5','4');
INSERT INTO `MOVIMIENTO` (`IDMOVIMIENTO`,`FECHA`,`MONTO`,`IDCUENTA`,`IDTIPOMOVIMIENTO`) VALUES ('98','2011-10-06','8707','1','3');
INSERT INTO `MOVIMIENTO` (`IDMOVIMIENTO`,`FECHA`,`MONTO`,`IDCUENTA`,`IDTIPOMOVIMIENTO`) VALUES ('99','2011-09-24','2044','4','4');
INSERT INTO `MOVIMIENTO` (`IDMOVIMIENTO`,`FECHA`,`MONTO`,`IDCUENTA`,`IDTIPOMOVIMIENTO`) VALUES ('100','2011-05-08','2452','2','2');
